hour,ops,channel,customer_id,customer_at,partner_at,frt_min,sla_ok,customer_msg,partner_msg,channel_url
9,True,d2a4d3498ae8568a3fc72d48c0ef,Customer_3744277,09:23:14,09:24:36,1.4,True,안녕하세요. 이사업체는 외부 업체로 결정됐습니다. 신경써주셔서 감사합니다.,안녕하세요. 주문을 취소로 돕겠습니다.,sendbird_group_channel_383391957_b8848a19dfa1d2a4d3498ae8568a3fc72d48c0ef
9,True,1399e0cdccfcf440ab84651676d9,Customer_3675544,09:29:42,09:32:32,2.8,True,안녕하세요. 저희가 업체중에 이쪽으로 하려고 하는데요.  저번에 담당자분이 방문하셨을때 그 이사진행담당자분이 직접참여해야 추가금 관련. 문제가 ,"네  맞습니다.  영상, 상담내용 변경없다면 당일 추가비용 없습니다.",sendbird_group_channel_209709691_2900b9734cee1399e0cdccfcf440ab84651676d9
9,True,3267b162df55ae2ae2e2bf6eb74d,Customer_3751536,09:54:24,09:54:40,0.3,True,안녕하세요! 혹시 소요시간이 얼마나 걸릴까요?,대략 30분 정도 소요됩니다.,sendbird_group_channel_384660292_f4d69e475b4a3267b162df55ae2ae2e2bf6eb74d
9,True,efdd9724ee4fca14e0d00fe27e1a,Customer_3695722,09:58:31,10:24:28,26.0,False,네,넵 현재 다시 진행중입니다. 감사합니다.,sendbird_group_channel_375830134_c4b6d171ca7cefdd9724ee4fca14e0d00fe27e1a
9,True,c1837622bf0f67fb023e02422640,Customer_632040,09:58:34,09:58:44,0.2,True,"안녕하세요, 차량등록 해야해서 차번호 알려주시면 감사하겠습니다.",넵 확인 돕겠습니다.,sendbird_group_channel_209709691_f221260e1689c1837622bf0f67fb023e02422640
10,True,03244feb1d96ce3545b50264ec4c,Customer_3752134,10:06:06,10:14:23,8.3,False,안녕하세요 혹시 1시간만 시간을 앞당길수 있을까요?,넵 확인해보겠습니다.,sendbird_group_channel_384759935_4282cb8dd40503244feb1d96ce3545b50264ec4c
10,True,1e236b366403e016d7784badb686,Customer_3738238,10:07:11,10:14:42,7.5,False,"안녕하세요 안내주신 업체중, 행복이사에 9/22 화요일로 날짜변경도 가능할까요?","넵 확인해볼게요,.",sendbird_group_channel_381774696_584301dee0531e236b366403e016d7784badb686
10,True,af4f1a36264df166d03ed7467a8a,Customer_2964219,10:08:38,10:14:12,5.6,False,"5톤기준  당일 이사비용, 3일 보관이사비용","안녕하세요,. 해당 내용은 방문하는 플래너에게 꼭 전달해주세요",sendbird_group_channel_229958447_8cd192ef17e2af4f1a36264df166d03ed7467a8a
10,True,2d20d3dc01e03990c3343ed9f2c2,Customer_3751942,10:21:40,10:22:14,0.6,True,면몽동원베네스트 1202호,출발지 주소 를 수정해드리면 될까요.,sendbird_group_channel_209709691_88e0199614fc2d20d3dc01e03990c3343ed9f2c2
10,True,aaa1395de99720870ad900a0a232,Customer_3752096,10:24:09,10:25:37,1.5,True,매니저님 내일 오전 10시에 방문하시는걸로 가능하실까요?,그날 10시는 방문이 어려운 상황입니다.,sendbird_group_channel_384755609_14bdfe68102aaaa1395de99720870ad900a0a232
10,True,f06350de2dbb9f5c150f1724c5b3,Customer_3745292,10:24:20,10:24:57,0.6,True,탈거는 가능한가요?,식기세척기가 빌트인으로 되어있으면 탈거가 어렵습니다. 미리 제조사측에 분리를 해두어야합니다.,sendbird_group_channel_209709691_860b645ecaebf06350de2dbb9f5c150f1724c5b3
10,True,8ab8ccc2ff589f872cd5ac92d516,Customer_3740957,10:29:13,10:31:27,2.2,True,어떻게 하는건지 잘 모르겠어요,💳 [계약 및 결제 안내]  📱 앱에서 쉽게 계약하기 미소 홈 → 예약내역(이사) → 견적서 → 계약하기  계약과 결제는 2단계로 진행됩니다 😊,sendbird_group_channel_209709691_ea5e0d5dcd158ab8ccc2ff589f872cd5ac92d516
10,True,41aac09e75a35683aecde8047e03,Customer_3744090,10:29:25,10:35:01,5.6,False,오늘 연락 받은게 없어서 안오신다는데...,"해당 내용 바로 확인해보겠습니다. 불편끼쳐드려 죄송해요,",sendbird_group_channel_209709691_ea1c2838596b41aac09e75a35683aecde8047e03
10,True,c1ae19e71ff2cea898f72bfc142d,Customer_3732853,10:30:06,10:38:43,8.6,False,쇼파 침대 냉장고를 안가져가는데 3.5톤5톤이왜필요해요?,안녕하세요.  해당 내용뿐만아니라 모든 파트너분들은 영상 속 잔짐 및 모든 상담내용을 꼼꼼하게 보고 당일 추가요금 없는 기준으로 견적에 참여해주,sendbird_group_channel_209709691_356c1a9e4dc0c1ae19e71ff2cea898f72bfc142d
10,True,2e416fd05729a67cb41b5e5c443c,Customer_3752129,10:34:34,10:37:26,2.9,True,네 ^^ 가능합니다,"안녕하세요,. 플래너의 방문시에 견적진행관련 모든 내용을 전달해주시면 꼼꼼하게 방문정보를 수집하겠습니다.",sendbird_group_channel_209709691_16ddc60f218d2e416fd05729a67cb41b5e5c443c
10,True,85b964fb6ffdf4aafc201831927d,Customer_3752190,10:52:56,10:55:56,3.0,True,시간보다 일찍 오지 말아주세요,당일 플래너로부터 연락을 받게 되실거에요.  보통 플래너도 해당일정에 맞춰서 가게 될 예정입니다.,sendbird_group_channel_209709691_f109b87e3c9e85b964fb6ffdf4aafc201831927d
11,True,43d717620464f1124d68a19050ff,Customer_3752268,11:00:41,11:02:18,1.6,True,혹시 오후 6시는 어려우실까요?,확인해보겠습니다.,sendbird_group_channel_384773361_2ecf5ebb742243d717620464f1124d68a19050ff
11,True,87d486e6c15a33cc43ee63b003f3,Customer_2092445,11:03:11,11:05:52,2.7,True,저희침대,침대의 경우 메트리스를 잠시 구겨서 넣어 진행하는경우가 많습니다.,sendbird_group_channel_209709691_e7a5a04eef0d87d486e6c15a33cc43ee63b003f3
11,True,1b22cd5f46be7318a4cc365f40c2,Customer_3694476,11:10:51,11:14:57,4.1,False,안녕하세요 평균적인 이사 포장 소요시간이 어느정도인지 여쭤봐도될까요,"안녕하세요,",sendbird_group_channel_375666317_a8139e235b471b22cd5f46be7318a4cc365f40c2
11,True,0e98ae667c196c5c1831fcc658c9,Customer_3736062,11:16:42,11:18:17,1.6,True,네 알겠습니다. 감사합니다.,넵 최대한 견적이수집되는대로 전달드릴게요,sendbird_group_channel_381470532_a6ae301f22ca0e98ae667c196c5c1831fcc658c9
11,True,d64b373f0313ccc903afce5879df,Customer_3751817,11:28:57,11:31:47,2.8,True,안녕하세요. 수요일 오후에 뵙겠습니다.,감사합니다.,sendbird_group_channel_209709691_7c22f537c6fad64b373f0313ccc903afce5879df
11,True,ccfb727aaaa24e44a6b47a3417eb,Customer_3703941,11:29:20,11:31:56,2.6,True,국제트렌스 계약 했는데 계약서를 아직도 안 보내주시네요,안녕하세요.,sendbird_group_channel_209709691_282b707592b9ccfb727aaaa24e44a6b47a3417eb
11,True,fd9c80b6a09bb775cc8a17ddfcd1,Customer_3752316,11:47:47,11:48:40,0.9,True,안녕하세요  내 알겠습니다,감사합니다.,sendbird_group_channel_384777326_6385d7f1a30bfd9c80b6a09bb775cc8a17ddfcd1
11,True,5d33d37231b07abc30de8d5c92b1,Customer_3750362,11:55:30,11:57:15,1.8,True,혹시 폐기물처리도 가능한가요?,폐기물처리는 미소앱에서 따로 신청해야합니다.,sendbird_group_channel_384521335_b86b528138ed5d33d37231b07abc30de8d5c92b1
12,True,1412e093f52e613cdec8d05ad190,Customer_3749618,12:02:14,12:02:24,0.2,True,즐거운이사로 해주세요,감사합니다.,sendbird_group_channel_384426341_44f69baa81e51412e093f52e613cdec8d05ad190
12,True,2184ff36432319c03b2e78acf346,Customer_1020451,12:11:40,12:12:24,0.7,True,예전엔 견적업체이서ㅠ왓던거같운데,1회 방문에 4개의 견적을 제공해드리고 있습니다.,sendbird_group_channel_230498944_03c105fc1b3c2184ff36432319c03b2e78acf346
12,True,9b7db04352b04bc6514bdcf9346c,Customer_3750277,12:17:32,12:19:01,1.5,True,스피드이사는 1톤3대가 나온다는걸로가요?,넵 5톤물량을 1톤차 3대가 수행하는 경우 5톤보다 더 많이 적재할 수 있습니다.,sendbird_group_channel_384507963_b7fb881fab539b7db04352b04bc6514bdcf9346c
12,True,79964f677359793d91a64e869dcf,Customer_2692724,12:23:37,12:25:43,2.1,True,안녕하세요 저는 보관이사가 필여합니다,안녕하세요. 이사 시작일을 수정해둘게요.,sendbird_group_channel_209709691_12cb9d63a7b479964f677359793d91a64e869dcf
12,True,c479ce8ca0dd7bf0455cede085b1,Customer_3746375,12:31:43,12:32:43,1.0,True,직접 이사업체가 와서 견적한게 아니라 좀 고민되네요 제가 받은곳이랑 차이가 없어서요~,네 그럼 비교하고 싶은 정보를 저희에게 알려주시면 저희가 더 투명하게 알려드릴 수 있습니다.,sendbird_group_channel_383932144_e6986e801ecec479ce8ca0dd7bf0455cede085b1
12,True,fd9b1e61bdc2de10bd2b5684f4ab,Customer_1891585,12:32:26,12:42:34,10.1,False,원픽운송으로,넵 💳 [계약 및 결제 안내]  📱 앱에서 쉽게 계약하기 미소 홈 → 예약내역(이사) → 견적서 → 계약하기  계약과 결제는 2단계로 진행됩니다,sendbird_group_channel_206161231_092930589b7bfd9b1e61bdc2de10bd2b5684f4ab
12,True,2b8c460354583d94eed55917a99e,Customer_3741452,12:37:07,12:41:27,4.3,False,안녕하세요 ^^  제가 받은 금액이 지연이사가 포함된 내용일까요?,[대기 이사] 대기 사유: 그외 희망 퇴거시간: 12시 0분 희망 입주시간: 16시 0분 ,sendbird_group_channel_209709691_fb566695ed702b8c460354583d94eed55917a99e
12,True,ee252c81048ce347954c7cb9d484,Customer_3740203,12:38:15,12:39:29,1.2,True,혹시 그날은 정신없어 문의못했는데요...커튼(브라인드)도 다 떼어주시는건가요~?,넵 단순 해체는 충분히 가능합니다. 다만 이사업체 계약 이후에 이사 이전에 업체측에 해당 내용을 전달해주시면 좋을 것 같아요/,sendbird_group_channel_382114607_62d685050becee252c81048ce347954c7cb9d484
12,True,87d486e6c15a33cc43ee63b003f3,Customer_2092445,12:38:32,12:38:54,0.4,True,조금 걸리는부분이,어떤 것이 필요하실까요?,sendbird_group_channel_209709691_e7a5a04eef0d87d486e6c15a33cc43ee63b003f3
12,True,f3496872b6f8ed5fcafcea069da6,Customer_2645450,12:40:13,12:41:03,0.8,True,저기 두번째 업체로 하려고합니다,넵 앱에서 먼저 계약하기를 눌러주시면 계약안내를 돕겠습니다.,sendbird_group_channel_209709691_1e607a639d4bf3496872b6f8ed5fcafcea069da6
12,True,c7b5d2932e61600f71a49839d0cb,Customer_2813028,12:43:41,12:44:58,1.3,True,주변분들의 일반 시세보다 너무 비싼것 같아요.ㅠ 최근에 33평 아파트 이사를 190에 하신 분도 계시던데.. 좀더 가격이 저렴한 업체로 2군데만,넵 우선 만족스럽지 못한 견적을 드린 것 같아 죄송합니다.,sendbird_group_channel_209709691_ac48b3d2874fc7b5d2932e61600f71a49839d0cb
12,True,aafae1f519cbf8721244c7b8cc5d,Customer_3739564,12:48:25,12:49:39,1.2,True,주문을 취소할게요,넵 주문 취소로 돕겠습니다.,sendbird_group_channel_381991227_2a572b1daf47aafae1f519cbf8721244c7b8cc5d
12,True,1e236b366403e016d7784badb686,Customer_3738238,12:52:22,12:53:19,1.0,True,커튼은 해체 및 설치까지 해주시나요?,넵 해당 내용 포함되어있어요,sendbird_group_channel_381774696_584301dee0531e236b366403e016d7784badb686
12,True,c6f6117f07aea893808367ff0075,Customer_3277239,12:56:17,13:06:20,10.1,False,"안녕하세요. 이사업체 견적서가 4곳이라 들었는데, 1곳만 왔네요","안녕하세요, 추가로 더 들어오는대로 견적을 전달드리겠습니다.",sendbird_group_channel_284089110_eccacd4f9c20c6f6117f07aea893808367ff0075
13,True,38d7cbadce6a08b1764930d41d8f,Customer_3318708,13:06:22,13:07:11,0.8,True,네 안녕하세요 😄  검토해 보았으나 저희는 다른 견적받은 곳과 계약을 하게 되었습니다. 더우신 날 고생 하셨는데 죄송합니다.,넵 그럼 견적 취소로 도와드리겠습니다.,sendbird_group_channel_209709691_c76edaf4e29d38d7cbadce6a08b1764930d41d8f
13,True,7cf00f7cfac501a751c692e60576,Customer_3751246,13:06:29,13:06:44,0.3,True,원래 벽걸이 tv이고 부품도 다 있을거에요,넵 관련하여선 견적서 상세내용에서 가능여부를 확인해주세요.,sendbird_group_channel_209709691_ff542b24a18a7cf00f7cfac501a751c692e60576
13,True,7d98b32d9e5b68a17ca4ff21e5d2,Customer_3748728,13:07:54,13:09:27,1.6,True,이사날짜를4일로 변경가능한가요?,"안녕하세요,. 이사일자 변경이 확정인가요?",sendbird_group_channel_209709691_ab48a7f507457d98b32d9e5b68a17ca4ff21e5d2
13,True,73c13fc94617c2c6a1ebd27c6458,Customer_3033434,13:11:25,13:15:55,4.5,False,"안녕하세요, 그러면 혹시 8월2일(일) 오전은 안될까요? 추가로 짐보관도 가능할지 문의드립니다.","안녕하세요, 해당 문의는 방문하는 플래너분에게 직접 전달해주시면 됩니다.  감사합니다.",sendbird_group_channel_240868510_5c827863a6dd73c13fc94617c2c6a1ebd27c6458
14,True,00df192dad81b1c4242d1415e5ec,Customer_3743634,14:33:24,14:35:12,1.8,True,다른곳 견적과 가격이 차이가 많이나서 진행하기 힘들 것 같습니다,주문은 취소로 돕겠습니다.,sendbird_group_channel_383079205_8b9979f36f2400df192dad81b1c4242d1415e5ec
14,True,87d486e6c15a33cc43ee63b003f3,Customer_2092445,14:38:11,14:38:28,0.3,True,확인해도되나요,미소가 중간에서 더 잘확인해드릴 수 있어요.,sendbird_group_channel_209709691_e7a5a04eef0d87d486e6c15a33cc43ee63b003f3
14,True,fd72bcdb113b822cc00b211aa8ee,Customer_1117214,14:52:02,14:53:05,1.0,True,좀 더 낮은 견적을 받아볼 수는 없을까용 ?,추가견적을 더 받아보겠습니다.,sendbird_group_channel_209709691_5143b8f21a52fd72bcdb113b822cc00b211aa8ee
14,True,9c2000800d97a7f2af159b398570,Customer_3752160,14:52:04,14:55:32,3.5,False,네,감사합니다.,sendbird_group_channel_209709691_3b73e99ced969c2000800d97a7f2af159b398570
15,True,9fc1c280f6e63741b068fe7df955,Customer_3752590,15:41:22,15:42:55,1.6,True,시간 약속을 잘못 기재 한거 같습니다  목요일 오후 6 시 이후 가능 합니다,확인하겠습니다.,sendbird_group_channel_209709691_f7362922df2f9fc1c280f6e63741b068fe7df955
15,True,ebb1d5924f96c649c93961f6c2c9,Customer_3046022,15:50:22,15:53:52,3.5,False,혹시 사다리차를 사용하지 못 하는 상황이라 사다리차를 이용 안한 견적 다시 받을 수 있을까요 ?,출발지 사다리 차를 사용하지 않는 조건인가요?,sendbird_group_channel_242860631_db12c78af399ebb1d5924f96c649c93961f6c2c9
15,True,71b4c7fdaf4931baee8dd8e6c054,Customer_3752679,15:51:00,16:23:48,32.8,False,네,네 감사합니다.,sendbird_group_channel_209709691_dbb20ab3a20e71b4c7fdaf4931baee8dd8e6c054
15,True,62318aa00673aeb60decc916dff5,Customer_3752242,15:55:46,16:01:25,5.6,False,전화한번주세요,안녛하세요. 지금 바로 전화드려야할 문의내용이 있으신가요?   당일 플래너가 방문전 문자 및 전화드리게 되빈다.,sendbird_group_channel_384771236_3aa33847e70462318aa00673aeb60decc916dff5
16,True,acbfaae1f359b7d0ca76fc74bc65,Customer_3751139,16:12:23,16:12:58,0.6,True,안녕하세요  방문시간을 2시 10분 정도로 조금 당길수 있을까요?,안녕하세요. 현재 플래너의 방문일정은 30분단위로 방문일정이 잡히고 있습니다. 그럼 14시로 변경해둘게요.  ,sendbird_group_channel_384619791_11831c4fcc4aacbfaae1f359b7d0ca76fc74bc65
16,True,5b83e2a8db79eea83554009ffb92,Customer_3752647,16:13:19,16:16:47,3.5,False,리모델링 계획으로 짐을 빼고 약20일간 보관했다가 원래주소로 이삿짐 이동하고싶은데 가능한가요?,"안녕하세요, 해당 내용은 방문하는 플래너에게 꼭 전달해주세요.",sendbird_group_channel_209709691_9dd8e68027395b83e2a8db79eea83554009ffb92
16,True,6a2e26d063a7ab932aa2fec10ac4,Customer_3716199,16:14:46,16:16:34,1.8,True,오전10시이전레오세요,안녕하세요. 플래너의 첫 방문일정이 10시부터 진행됩니다. 더 일찍은 현재 어려운 상황입니다.,sendbird_group_channel_378817024_75c5a3abfbba6a2e26d063a7ab932aa2fec10ac4
16,True,87d486e6c15a33cc43ee63b003f3,Customer_2092445,16:30:04,16:32:14,2.2,True,전화주시나요,"앗 죄송합니다, 지금 연락드릴게요.",sendbird_group_channel_209709691_e7a5a04eef0d87d486e6c15a33cc43ee63b003f3
16,True,9d4ce0cee433638f4d1e0ae33b23,Customer_3751071,16:48:25,16:48:44,0.3,True,다른 이사 업체로 예약해서 다음 이사때 미소를 사용해보겠습니다~,방문예약은 취소로 돕겠습니다.,sendbird_group_channel_209709691_d103855754549d4ce0cee433638f4d1e0ae33b23
17,True,94ee36178622ce4da748c2dafda2,Customer_3752809,17:11:41,17:13:24,1.7,True,1시이후 좋습니다,변경 가능한지 확인하겠ㅅ브니다.,sendbird_group_channel_384825733_773dc14cec0694ee36178622ce4da748c2dafda2
17,True,ec8ce7e90c166bfb724f6f95470c,Customer_862480,17:15:04,17:15:16,0.2,True,네,"네 감사합니다,",sendbird_group_channel_122951081_d0ade9ff5442ec8ce7e90c166bfb724f6f95470c
17,True,47ece4968062cf8250d3dca24dc7,Customer_2931967,17:30:38,17:30:57,0.3,True,견적보고 5일이내 선택해야한다고 했는데 제가 지금 시간여유 있나요,유효기간을 연장이 가능해서요,sendbird_group_channel_224717913_25e5b7b36b1547ece4968062cf8250d3dca24dc7
17,True,62318aa00673aeb60decc916dff5,Customer_3752242,17:35:03,17:35:26,0.4,True,짐  정리가 덜 돼서 방문 미룰까해서요,방문을 취소도와드릴까요> 아니면 언제 방문으로 미뤄드릴까요,sendbird_group_channel_384771236_3aa33847e70462318aa00673aeb60decc916dff5
17,True,fbd5666d7c19ab7765ba806a0517,Customer_3747529,17:36:20,17:36:39,0.3,True,안녕하세요. 8/2 12시 방문견적 예약했는데요. 12:30으로 시간 변경 가능할까요?,스케쥴 확인하겠습니다.,sendbird_group_channel_384103678_1703a7a64d0ffbd5666d7c19ab7765ba806a0517
17,True,1046f7f4439dd104d8eb210ddbd3,Customer_2883057,17:39:42,17:39:58,0.3,True,방문 취소 부탁드립니다,사유가 어떻게 될까요.,sendbird_group_channel_216336660_a007f1bc9b331046f7f4439dd104d8eb210ddbd3
18,True,4ddf7c590ba8dd8221f591c7ea35,Customer_2958792,18:09:45,18:09:58,0.2,True,목요일7월 30일 시간을5시반쯤 으로 바꿔주실수있나요,"네 확인하겠습니다,",sendbird_group_channel_229031912_81ffe3b8aeb64ddf7c590ba8dd8221f591c7ea35
18,True,9facb95d2405cffeed0217b16063,Customer_3741788,18:18:23,18:22:55,4.5,False,현장에서 추가 금액이 발생하는 경우가 았을까요?,영상과 상담내용에서 변경사항없다면 추가요금 붙지 않습니다.,sendbird_group_channel_382356033_471cb880ce939facb95d2405cffeed0217b16063
18,True,dc8a911e0a897a613b624997124a,Customer_3752111,18:19:16,18:23:03,3.8,False,"안녕하세요, 이사업체는 예약이 돠어서 플래너님 예약 취소 부탁 드립니다",네 방문 취소돕겠습니다.,sendbird_group_channel_209709691_1ef575e586c7dc8a911e0a897a613b624997124a
18,True,6278c87e6f443e5a09779a4ecb44,Customer_3722910,18:28:53,18:31:21,2.5,True,미스터방익스프레스로결정했고요 9월22일 10시에시작하는걸로할께요,넵 웹에서 계약하기 버튼을 통해 진행가능합니다.,sendbird_group_channel_209709691_13d8aa612b4c6278c87e6f443e5a09779a4ecb44
18,True,51401080a18b0a6cc783e76422f7,Customer_3545034,18:30:58,18:31:32,0.6,True,대한에이스에서 가능할까요,안녕하세요. 계약하기 버튼을 통해 진행가능합니다.,sendbird_group_channel_209709691_55d56fe95b2851401080a18b0a6cc783e76422f7
18,True,0297e8f909cee8e727e32453beb8,Customer_3748337,18:40:31,18:41:34,1.1,True,예 내용 확인할게요,감사합니다.,sendbird_group_channel_209709691_4423ff7d8f290297e8f909cee8e727e32453beb8
18,True,fbd5666d7c19ab7765ba806a0517,Customer_3747529,18:46:08,18:47:30,1.4,True,그럼 아예 뒤로 확 옮기는것도 어려우세요?,네 확인해보겠습니다.,sendbird_group_channel_384103678_1703a7a64d0ffbd5666d7c19ab7765ba806a0517
18,True,fd72bcdb113b822cc00b211aa8ee,Customer_1117214,18:54:13,18:55:01,0.8,True,조건부 금액으로 진행되지 않은 점 <- 정말 죄송하지만 요고 잘 이해를 못했습니다,금액을 더 낮추는 기준으로만 견적이 수집되지 않음을 안내드립니다.,sendbird_group_channel_209709691_5143b8f21a52fd72bcdb113b822cc00b211aa8ee
19,True,3e94aac75ed57a0fb2f11924f38a,Customer_3711345,19:34:26,19:34:48,0.4,True,안녕하세요 방문 시간이 16-17시 사이 가능하실까요,"안녕하세요, 확인하겠습니다.",sendbird_group_channel_378015770_58f1b52108353e94aac75ed57a0fb2f11924f38a
19,True,7afea4c5cac741e767d1b729c904,Customer_3752323,19:41:31,19:45:23,3.9,False,7/31 금요일로 일정 변경 가능할까요?,네 확인하겠습니다.,sendbird_group_channel_209709691_e88033fd5eb57afea4c5cac741e767d1b729c904
20,True,b517093fece622f5332fb17a68d0,Customer_259125,20:07:59,20:08:04,0.1,True,내일 연락드릴께요 ^^,감사합니다.,sendbird_group_channel_151557001_40ad7d7ecb9fb517093fece622f5332fb17a68d0
20,True,3ee8c2e9bffb7c73e81dd147eb38,Customer_3749438,20:50:21,20:54:28,4.1,False,"확인했습니다.  계약 고민 중인데, 혹시 전달 주신 미스터방 익스프레스와 가격 조정도 가능한 부분일까요?",네 바로 확인해볼게요,sendbird_group_channel_384401596_4b6e39a138063ee8c2e9bffb7c73e81dd147eb38
20,True,5df0daca571e2605f90a85dcb9a3,Customer_3745202,20:57:16,20:58:04,0.8,True,이사업체 견적확정 연락이 없는데 확인 부탁드립니다,연락드리라고 하겠습니다 : ],sendbird_group_channel_383766187_355f4b99a43e5df0daca571e2605f90a85dcb9a3
